{
  "project_info": {
    "project_number": "311692508126",
    "firebase_url": "https://mapa-2f451.firebaseio.com",
    "project_id": "mapa-2f451",
    "storage_bucket": "mapa-2f451.appspot.com"
  },
  "client": [
    {
      "client_info": {
        "mobilesdk_app_id": "1:311692508126:android:0545372f80f433fd",
        "android_client_info": {
          "package_name": "com.example.isaacvasquez.mapa"
        }
      },
      "oauth_client": [
        {
          "client_id": "311692508126-1tldasdr9evbd82v7j0p4asilrnurckp.apps.googleusercontent.com",
          "client_type": 1,
          "android_info": {
            "package_name": "com.example.isaacvasquez.mapa",
            "certificate_hash": "2c34c3c4511ba97f252de56cd8ecd1dd6bf28ebf"
          }
        },
        {
          "client_id": "311692508126-t688kkl0bbnu8pbe57flihhsopdta2d0.apps.googleusercontent.com",
          "client_type": 3
        }
      ],
      "api_key": [
        {
          "current_key": "AIzaSyAxeqi9AZHwj1n6dpgxy4iKUmYzxIEPKRQ"
        }
      ],
      "services": {
        "analytics_service": {
          "status": 1
        },
        "appinvite_service": {
          "status": 2,
          "other_platform_oauth_client": [
            {
              "client_id": "311692508126-t688kkl0bbnu8pbe57flihhsopdta2d0.apps.googleusercontent.com",
              "client_type": 3
            }
          ]
        },
        "ads_service": {
          "status": 2
        }
      }
    }
  ],
  "configuration_version": "1"
}